index,reason,sl
912,extreme_disp_few;avg_ampl_gt_limit>0.007;avg_disp_tail<;up_strick_0;down_strick_1;trend_len_middle;trend_max_ampl>0.03;trend_kind_down;prev_t_kind_up;max_disp_change>0.3;disp_monotone_up_false;disp_avg_change<;max_disp>0.4;min_disp<,1
1368,extreme_disp_few;avg_ampl_gt_limit>0.007;avg_disp_tail<;up_strick_1;down_strick_0;trend_len_short;trend_max_ampl>0.01;trend_kind_up;prev_t_kind_down;max_disp_change>0.5;disp_monotone_up_false;disp_avg_change>0.3;max_disp>0.4;min_disp<,1
5159,extreme_disp_few;avg_ampl_gt_limit>0.007;avg_disp_tail>0.2;up_strick_0;down_strick_1;trend_len_short;trend_max_ampl>0.01;trend_kind_down;prev_t_kind_up;max_disp_change<;disp_monotone_up_false;disp_avg_change>0.3;max_disp>0.6;min_disp>0.3,0
6355,extreme_disp_few;avg_ampl_gt_limit>0.007;avg_disp_tail<;up_strick_0;down_strick_1;trend_len_long;trend_max_ampl>0.01;trend_kind_down;prev_t_kind_up;max_disp_change>0.5;disp_monotone_up_false;disp_avg_change<;max_disp>0.6;min_disp<,0
8889,extreme_disp_moderate;avg_ampl_gt_limit>0.007;avg_disp_tail>0.5;up_strick_0;down_strick_1;trend_len_short;trend_max_ampl>0.01;trend_kind_down;prev_t_kind_up;max_disp_change>0.5;disp_monotone_up_true;disp_avg_change>0.5;max_disp>0.6;min_disp>0.1,0
12858,extreme_disp_few;avg_ampl_gt_limit>0.007;avg_disp_tail>0.2;up_strick_0;down_strick_1;trend_len_short;trend_max_ampl>0.01;trend_kind_down;prev_t_kind_up;max_disp_change<;disp_monotone_up_false;disp_avg_change>0.3;max_disp>0.6;min_disp>0.1,0
15250,extreme_disp_few;avg_ampl_gt_limit>0.007;avg_disp_tail<;up_strick_0;down_strick_1;trend_len_middle;trend_max_ampl>0.01;trend_kind_down;prev_t_kind_up;max_disp_change>0.3;disp_monotone_up_false;disp_avg_change<;max_disp>0.4;min_disp<,0
18934,extreme_disp_few;avg_ampl_gt_limit>0.007;avg_disp_tail<;up_strick_0;down_strick_1;trend_len_short;trend_max_ampl>0.01;trend_kind_down;prev_t_kind_up;max_disp_change>0.5;disp_monotone_up_true;disp_avg_change>0.5;max_disp>0.4;min_disp<,0
19628,extreme_disp_few;avg_ampl_gt_limit>0.007;avg_disp_tail<;up_strick_1;down_strick_0;trend_len_middle;trend_max_ampl>0.01;trend_kind_up;prev_t_kind_down;max_disp_change>0.3;disp_monotone_up_false;disp_avg_change<;max_disp>0.4;min_disp<,0
20210,extreme_disp_moderate;avg_ampl_gt_limit>0.013;avg_disp_tail>0.5;up_strick_0;down_strick_1;trend_len_short;trend_max_ampl>0.01;trend_kind_down;prev_t_kind_up;max_disp_change<;disp_monotone_up_false;disp_avg_change>0.3;max_disp>0.6;min_disp>0.2,0
20308,extreme_disp_few;avg_ampl_gt_limit>0.007;avg_disp_tail>0.3;up_strick_0;down_strick_1;trend_len_middle;trend_max_ampl>0.01;trend_kind_down;prev_t_kind_up;max_disp_change<;disp_monotone_up_false;disp_avg_change>0.3;max_disp>0.6;min_disp<,0
20340,extreme_disp_few;avg_ampl_gt_limit>0.007;avg_disp_tail>0.3;up_strick_0;down_strick_1;trend_len_short;trend_max_ampl>0.01;trend_kind_down;prev_t_kind_up;max_disp_change<;disp_monotone_up_false;disp_avg_change>0.3;max_disp>0.6;min_disp>0.1,0
20381,extreme_disp_moderate;avg_ampl_gt_limit>0.007;avg_disp_tail>0.5;down_strick_3;down_strick_0;trend_len_short;trend_max_ampl>0.01;trend_kind_up;prev_t_kind_up;max_disp_change>0.3;disp_monotone_up_true;disp_avg_change>0.3;max_disp>0.4;min_disp>0.1,0
20445,extreme_disp_moderate;avg_ampl_gt_limit>0.007;avg_disp_tail>0.5;up_strick_0;down_strick_1;trend_len_middle;trend_max_ampl>0.01;trend_kind_down;prev_t_kind_up;max_disp_change<;disp_monotone_up_false;disp_avg_change>0.3;max_disp>0.6;min_disp>0.1,1
20448,extreme_disp_moderate;avg_ampl_gt_limit>0.007;avg_disp_tail>0.5;up_strick_0;down_strick_1;trend_len_middle;trend_max_ampl>0.01;trend_kind_down;prev_t_kind_up;max_disp_change>0.5;disp_monotone_up_false;disp_avg_change>0.3;max_disp>0.6;min_disp>0.1,1
20461,extreme_disp_moderate;avg_ampl_gt_limit>0.007;avg_disp_tail>0.5;up_strick_0;down_strick_1;trend_len_short;trend_max_ampl>0.01;trend_kind_down;prev_t_kind_up;max_disp_change>0.3;disp_monotone_up_true;disp_avg_change>0.3;max_disp>0.4;min_disp>0.1,0
20561,extreme_disp_moderate;avg_ampl_gt_limit>0.007;avg_disp_tail>0.5;up_strick_0;down_strick_1;trend_len_short;trend_max_ampl>0.01;trend_kind_down;prev_t_kind_up;max_disp_change>0.5;disp_monotone_up_false;disp_avg_change>0.3;max_disp>0.6;min_disp>0.1,0
20656,extreme_disp_moderate;avg_ampl_gt_limit>0.013;avg_disp_tail>0.5;up_strick_0;down_strick_1;trend_len_short;trend_max_ampl>0.01;trend_kind_down;prev_t_kind_up;max_disp_change<;disp_monotone_up_false;disp_avg_change>0.3;max_disp>0.6;min_disp>0.1,1
20874,extreme_disp_moderate;avg_ampl_gt_limit>0.013;avg_disp_tail>0.3;up_strick_0;down_strick_1;trend_len_short;trend_max_ampl>0.01;trend_kind_down;prev_t_kind_up;max_disp_change<;disp_monotone_up_false;disp_avg_change>0.3;max_disp>0.6;min_disp>0.3,0
20893,extreme_disp_many;avg_ampl_gt_limit>0.013;avg_disp_tail>0.5;up_strick_0;down_strick_1;trend_len_middle;trend_max_ampl>0.03;trend_kind_down;prev_t_kind_up;max_disp_change<;disp_monotone_up_false;disp_avg_change>0.3;max_disp>0.6;min_disp<,1
20897,extreme_disp_many;avg_ampl_gt_limit>0.013;avg_disp_tail>0.5;up_strick_0;down_strick_1;trend_len_middle;trend_max_ampl>0.03;trend_kind_down;prev_t_kind_up;max_disp_change<;disp_monotone_up_false;disp_avg_change>0.3;max_disp>0.6;min_disp<,1
21433,extreme_disp_few;avg_ampl_gt_limit>0.007;avg_disp_tail>0.2;up_strick_0;down_strick_1;trend_len_middle;trend_max_ampl>0.01;trend_kind_down;prev_t_kind_up;max_disp_change<;disp_monotone_up_false;disp_avg_change>0.3;max_disp>0.6;min_disp<,1
21437,extreme_disp_few;avg_ampl_gt_limit>0.007;avg_disp_tail>0.3;up_strick_0;down_strick_1;trend_len_middle;trend_max_ampl>0.01;trend_kind_down;prev_t_kind_up;max_disp_change<;disp_monotone_up_false;disp_avg_change>0.3;max_disp>0.6;min_disp<,0
21655,extreme_disp_few;avg_ampl_gt_limit>0.007;avg_disp_tail>0.3;up_strick_0;down_strick_1;trend_len_short;trend_max_ampl>0.01;trend_kind_down;prev_t_kind_up;max_disp_change<;disp_monotone_up_false;disp_avg_change>0.3;max_disp>0.6;min_disp>0.1,0
21740,extreme_disp_few;avg_ampl_gt_limit<;avg_disp_tail>0.3;up_strick_0;down_strick_1;trend_len_middle;trend_max_ampl<;trend_kind_down;prev_t_kind_up;max_disp_change<;disp_monotone_up_false;disp_avg_change>0.3;max_disp>0.4;min_disp<,0
21783,extreme_disp_few;avg_ampl_gt_limit>0.013;avg_disp_tail>0.2;up_strick_0;down_strick_1;trend_len_short;trend_max_ampl>0.01;trend_kind_down;prev_t_kind_up;max_disp_change<;disp_monotone_up_false;disp_avg_change>0.3;max_disp>0.6;min_disp>0.3,0
21896,extreme_disp_moderate;avg_ampl_gt_limit>0.007;avg_disp_tail>0.3;up_strick_0;down_strick_1;trend_len_middle;trend_max_ampl>0.01;trend_kind_down;prev_t_kind_up;max_disp_change<;disp_monotone_up_false;disp_avg_change>0.3;max_disp>0.6;min_disp>0.1,0
22009,extreme_disp_moderate;avg_ampl_gt_limit>0.007;avg_disp_tail>0.5;up_strick_0;down_strick_1;trend_len_middle;trend_max_ampl>0.01;trend_kind_down;prev_t_kind_up;max_disp_change<;disp_monotone_up_false;disp_avg_change>0.3;max_disp>0.6;min_disp<,0
22744,extreme_disp_few;avg_ampl_gt_limit<;avg_disp_tail>0.3;up_strick_0;down_strick_1;trend_len_middle;trend_max_ampl<;trend_kind_down;prev_t_kind_up;max_disp_change<;disp_monotone_up_false;disp_avg_change>0.3;max_disp>0.6;min_disp>0.1,0
23186,extreme_disp_few;avg_ampl_gt_limit>0.007;avg_disp_tail<;up_strick_1;down_strick_0;trend_len_middle;trend_max_ampl>0.01;trend_kind_up;prev_t_kind_down;max_disp_change>0.3;disp_monotone_up_false;disp_avg_change<;max_disp>0.4;min_disp<,0
23658,extreme_disp_few;avg_ampl_gt_limit>0.007;avg_disp_tail<;up_strick_1;down_strick_0;trend_len_middle;trend_max_ampl>0.01;trend_kind_up;prev_t_kind_down;max_disp_change>0.3;disp_monotone_up_false;disp_avg_change<;max_disp>0.6;min_disp<,1
23668,extreme_disp_moderate;avg_ampl_gt_limit>0.007;avg_disp_tail>0.5;up_strick_1;down_strick_0;trend_len_middle;trend_max_ampl>0.01;trend_kind_up;prev_t_kind_down;max_disp_change<;disp_monotone_up_false;disp_avg_change>0.3;max_disp>0.6;min_disp>0.1,0
23971,extreme_disp_many;avg_ampl_gt_limit>0.013;avg_disp_tail>0.5;up_strick_0;down_strick_1;trend_len_short;trend_max_ampl>0.01;trend_kind_down;prev_t_kind_up;max_disp_change<;disp_monotone_up_false;disp_avg_change>0.5;max_disp>0.6;min_disp>0.1,1
24008,extreme_disp_moderate;avg_ampl_gt_limit>0.007;avg_disp_tail>0.5;up_strick_1;down_strick_0;trend_len_short;trend_max_ampl>0.01;trend_kind_up;prev_t_kind_down;max_disp_change<;disp_monotone_up_false;disp_avg_change>0.5;max_disp>0.6;min_disp>0.1,0
24050,extreme_disp_moderate;avg_ampl_gt_limit>0.007;avg_disp_tail>0.5;up_strick_0;down_strick_1;trend_len_short;trend_max_ampl>0.01;trend_kind_down;prev_t_kind_up;max_disp_change>0.5;disp_monotone_up_false;disp_avg_change>0.3;max_disp>0.6;min_disp>0.1,0
24186,extreme_disp_moderate;avg_ampl_gt_limit>0.007;avg_disp_tail>0.3;up_strick_0;down_strick_1;trend_len_middle;trend_max_ampl>0.01;trend_kind_down;prev_t_kind_up;max_disp_change<;disp_monotone_up_false;disp_avg_change>0.3;max_disp>0.6;min_disp<,0
24192,extreme_disp_moderate;avg_ampl_gt_limit>0.013;avg_disp_tail>0.5;up_strick_0;down_strick_1;trend_len_short;trend_max_ampl>0.01;trend_kind_down;prev_t_kind_up;max_disp_change>0.5;disp_monotone_up_true;disp_avg_change>0.5;max_disp>0.6;min_disp>0.1,0
24356,extreme_disp_few;avg_ampl_gt_limit<;avg_disp_tail>0.2;up_strick_0;down_strick_1;trend_len_middle;trend_max_ampl<;trend_kind_down;prev_t_kind_up;max_disp_change<;disp_monotone_up_false;disp_avg_change>0.3;max_disp>0.6;min_disp<,1
24540,extreme_disp_few;avg_ampl_gt_limit>0.007;avg_disp_tail>0.5;up_strick_0;down_strick_1;trend_len_middle;trend_max_ampl>0.01;trend_kind_down;prev_t_kind_up;max_disp_change>0.3;disp_monotone_up_false;disp_avg_change<;max_disp>0.6;min_disp>0.1,0
24576,extreme_disp_few;avg_ampl_gt_limit>0.007;avg_disp_tail>0.3;up_strick_0;down_strick_1;trend_len_middle;trend_max_ampl>0.01;trend_kind_down;prev_t_kind_up;max_disp_change<;disp_monotone_up_false;disp_avg_change>0.3;max_disp>0.6;min_disp>0.3,0
24680,extreme_disp_moderate;avg_ampl_gt_limit>0.007;avg_disp_tail>0.5;up_strick_0;down_strick_1;trend_len_middle;trend_max_ampl>0.01;trend_kind_down;prev_t_kind_up;max_disp_change>0.5;disp_monotone_up_false;disp_avg_change<;max_disp>0.6;min_disp>0.1,0
24707,extreme_disp_moderate;avg_ampl_gt_limit>0.007;avg_disp_tail>0.5;up_strick_0;down_strick_1;trend_len_short;trend_max_ampl>0.01;trend_kind_down;prev_t_kind_up;max_disp_change>0.3;disp_monotone_up_true;disp_avg_change>0.3;max_disp>0.4;min_disp>0.1,0
24781,extreme_disp_few;avg_ampl_gt_limit>0.007;avg_disp_tail>0.3;up_strick_0;down_strick_1;trend_len_middle;trend_max_ampl>0.01;trend_kind_down;prev_t_kind_up;max_disp_change<;disp_monotone_up_false;disp_avg_change>0.3;max_disp>0.6;min_disp>0.1,0
24936,extreme_disp_moderate;avg_ampl_gt_limit>0.007;avg_disp_tail>0.5;up_strick_0;down_strick_1;trend_len_short;trend_max_ampl>0.01;trend_kind_down;prev_t_kind_up;max_disp_change>0.3;disp_monotone_up_false;disp_avg_change>0.3;max_disp>0.6;min_disp>0.1,1
24937,extreme_disp_moderate;avg_ampl_gt_limit>0.007;avg_disp_tail>0.5;up_strick_0;down_strick_1;trend_len_middle;trend_max_ampl>0.01;trend_kind_down;prev_t_kind_up;max_disp_change<;disp_monotone_up_false;disp_avg_change>0.3;max_disp>0.6;min_disp>0.1,0
24940,extreme_disp_moderate;avg_ampl_gt_limit>0.013;avg_disp_tail>0.5;up_strick_1;down_strick_0;trend_len_short;trend_max_ampl>0.01;trend_kind_up;prev_t_kind_down;max_disp_change<;disp_monotone_up_false;disp_avg_change>0.5;max_disp>0.6;min_disp>0.1,1
25093,extreme_disp_few;avg_ampl_gt_limit>0.007;avg_disp_tail<;up_strick_0;down_strick_1;trend_len_short;trend_max_ampl>0.01;trend_kind_down;prev_t_kind_up;max_disp_change>0.5;disp_monotone_up_true;disp_avg_change>0.5;max_disp>0.6;min_disp<,0
25156,extreme_disp_few;avg_ampl_gt_limit>0.007;avg_disp_tail<;up_strick_0;down_strick_1;trend_len_short;trend_max_ampl>0.01;trend_kind_down;prev_t_kind_up;max_disp_change>0.5;disp_monotone_up_true;disp_avg_change>0.5;max_disp>0.6;min_disp<,1
25975,extreme_disp_few;avg_ampl_gt_limit>0.007;avg_disp_tail>0.3;up_strick_0;down_strick_1;trend_len_short;trend_max_ampl>0.01;trend_kind_down;prev_t_kind_up;max_disp_change<;disp_monotone_up_false;disp_avg_change>0.3;max_disp>0.6;min_disp>0.1,0
26145,extreme_disp_few;avg_ampl_gt_limit<;avg_disp_tail>0.2;up_strick_0;down_strick_1;trend_len_middle;trend_max_ampl<;trend_kind_down;prev_t_kind_up;max_disp_change<;disp_monotone_up_false;disp_avg_change>0.3;max_disp>0.6;min_disp<,0
26275,extreme_disp_few;avg_ampl_gt_limit>0.007;avg_disp_tail>0.3;up_strick_0;down_strick_1;trend_len_middle;trend_max_ampl>0.01;trend_kind_down;prev_t_kind_up;max_disp_change<;disp_monotone_up_false;disp_avg_change>0.3;max_disp>0.6;min_disp>0.1,1
26790,extreme_disp_few;avg_ampl_gt_limit>0.007;avg_disp_tail>0.2;up_strick_0;down_strick_1;trend_len_middle;trend_max_ampl>0.01;trend_kind_down;prev_t_kind_up;max_disp_change<;disp_monotone_up_false;disp_avg_change>0.3;max_disp>0.6;min_disp<,1
26845,extreme_disp_moderate;avg_ampl_gt_limit>0.013;avg_disp_tail>0.5;up_strick_0;down_strick_1;trend_len_short;trend_max_ampl>0.01;trend_kind_down;prev_t_kind_up;max_disp_change>0.5;disp_monotone_up_true;disp_avg_change>0.3;max_disp>0.6;min_disp>0.1,0
26980,extreme_disp_few;avg_ampl_gt_limit>0.007;avg_disp_tail>0.3;up_strick_0;down_strick_1;trend_len_middle;trend_max_ampl>0.01;trend_kind_down;prev_t_kind_up;max_disp_change<;disp_monotone_up_false;disp_avg_change>0.3;max_disp>0.6;min_disp<,0
27084,extreme_disp_few;avg_ampl_gt_limit<;avg_disp_tail>0.3;up_strick_0;down_strick_1;trend_len_short;trend_max_ampl>0.01;trend_kind_down;prev_t_kind_up;max_disp_change<;disp_monotone_up_false;disp_avg_change>0.3;max_disp>0.6;min_disp>0.1,1
27087,extreme_disp_moderate;avg_ampl_gt_limit>0.007;avg_disp_tail>0.3;up_strick_0;down_strick_1;trend_len_middle;trend_max_ampl>0.01;trend_kind_down;prev_t_kind_up;max_disp_change<;disp_monotone_up_false;disp_avg_change>0.3;max_disp>0.6;min_disp>0.1,0
27105,extreme_disp_moderate;avg_ampl_gt_limit>0.007;avg_disp_tail>0.3;up_strick_0;down_strick_1;trend_len_middle;trend_max_ampl>0.01;trend_kind_down;prev_t_kind_up;max_disp_change<;disp_monotone_up_false;disp_avg_change>0.3;max_disp>0.6;min_disp>0.1,0
27127,extreme_disp_moderate;avg_ampl_gt_limit>0.007;avg_disp_tail>0.5;up_strick_1;down_strick_0;trend_len_middle;trend_max_ampl>0.01;trend_kind_up;prev_t_kind_down;max_disp_change>0.5;disp_monotone_up_false;disp_avg_change<;max_disp>0.6;min_disp>0.1,0
27135,extreme_disp_moderate;avg_ampl_gt_limit>0.007;avg_disp_tail>0.5;up_strick_1;down_strick_0;trend_len_middle;trend_max_ampl>0.01;trend_kind_up;prev_t_kind_down;max_disp_change>0.5;disp_monotone_up_false;disp_avg_change<;max_disp>0.6;min_disp>0.1,1
27308,extreme_disp_few;avg_ampl_gt_limit<;avg_disp_tail>0.3;up_strick_0;down_strick_1;trend_len_middle;trend_max_ampl>0.01;trend_kind_down;prev_t_kind_up;max_disp_change<;disp_monotone_up_false;disp_avg_change>0.3;max_disp>0.6;min_disp<,1
27318,extreme_disp_moderate;avg_ampl_gt_limit>0.007;avg_disp_tail>0.5;up_strick_0;down_strick_1;trend_len_short;trend_max_ampl>0.01;trend_kind_down;prev_t_kind_up;max_disp_change>0.5;disp_monotone_up_false;disp_avg_change>0.3;max_disp>0.6;min_disp>0.1,0
27411,extreme_disp_many;avg_ampl_gt_limit>0.007;avg_disp_tail>0.5;up_strick_0;down_strick_3;trend_len_middle;trend_max_ampl>0.01;trend_kind_down;prev_t_kind_down;max_disp_change<;disp_monotone_up_false;disp_avg_change>0.3;max_disp>0.6;min_disp>0.1,0
27415,extreme_disp_many;avg_ampl_gt_limit>0.007;avg_disp_tail>0.5;up_strick_0;down_strick_3;trend_len_middle;trend_max_ampl>0.01;trend_kind_down;prev_t_kind_down;max_disp_change<;disp_monotone_up_false;disp_avg_change>0.5;max_disp>0.6;min_disp>0.1,0
27446,extreme_disp_moderate;avg_ampl_gt_limit>0.013;avg_disp_tail>0.5;up_strick_0;down_strick_1;trend_len_middle;trend_max_ampl>0.01;trend_kind_down;prev_t_kind_up;max_disp_change>0.5;disp_monotone_up_false;disp_avg_change>0.3;max_disp>0.6;min_disp>0.1,0
27582,extreme_disp_few;avg_ampl_gt_limit>0.007;avg_disp_tail>0.3;up_strick_0;down_strick_1;trend_len_short;trend_max_ampl>0.01;trend_kind_down;prev_t_kind_up;max_disp_change<;disp_monotone_up_false;disp_avg_change>0.3;max_disp>0.6;min_disp<,0
27615,extreme_disp_few;avg_ampl_gt_limit>0.007;avg_disp_tail>0.2;up_strick_0;down_strick_1;trend_len_short;trend_max_ampl>0.01;trend_kind_down;prev_t_kind_up;max_disp_change<;disp_monotone_up_false;disp_avg_change>0.3;max_disp>0.6;min_disp<,0
27874,extreme_disp_few;avg_ampl_gt_limit>0.007;avg_disp_tail>0.3;up_strick_0;down_strick_1;trend_len_short;trend_max_ampl>0.01;trend_kind_down;prev_t_kind_up;max_disp_change<;disp_monotone_up_false;disp_avg_change>0.3;max_disp>0.6;min_disp>0.2,0
28792,extreme_disp_few;avg_ampl_gt_limit<;avg_disp_tail>0.2;up_strick_0;down_strick_1;trend_len_middle;trend_max_ampl>0.01;trend_kind_down;prev_t_kind_up;max_disp_change<;disp_monotone_up_false;disp_avg_change>0.3;max_disp>0.6;min_disp<,1
28795,extreme_disp_few;avg_ampl_gt_limit>0.007;avg_disp_tail>0.3;up_strick_0;down_strick_1;trend_len_middle;trend_max_ampl>0.01;trend_kind_down;prev_t_kind_up;max_disp_change<;disp_monotone_up_false;disp_avg_change>0.3;max_disp>0.6;min_disp<,1
28811,extreme_disp_many;avg_ampl_gt_limit>0.013;avg_disp_tail>0.5;up_strick_0;down_strick_1;trend_len_middle;trend_max_ampl>0.01;trend_kind_down;prev_t_kind_up;max_disp_change<;disp_monotone_up_false;disp_avg_change>0.3;max_disp>0.6;min_disp>0.3,0
28825,extreme_disp_many;avg_ampl_gt_limit>0.013;avg_disp_tail>0.5;up_strick_0;down_strick_1;trend_len_short;trend_max_ampl>0.01;trend_kind_down;prev_t_kind_up;max_disp_change>0.5;disp_monotone_up_true;disp_avg_change>0.5;max_disp>0.6;min_disp>0.1,0
28836,extreme_disp_many;avg_ampl_gt_limit>0.007;avg_disp_tail>0.5;up_strick_0;down_strick_1;trend_len_short;trend_max_ampl>0.01;trend_kind_down;prev_t_kind_up;max_disp_change>0.5;disp_monotone_up_true;disp_avg_change>0.5;max_disp>0.6;min_disp>0.1,1
28856,extreme_disp_few;avg_ampl_gt_limit>0.007;avg_disp_tail>0.3;up_strick_0;down_strick_1;trend_len_middle;trend_max_ampl>0.01;trend_kind_down;prev_t_kind_up;max_disp_change<;disp_monotone_up_false;disp_avg_change>0.3;max_disp>0.6;min_disp<,0
28869,extreme_disp_few;avg_ampl_gt_limit>0.007;avg_disp_tail>0.3;up_strick_0;down_strick_1;trend_len_middle;trend_max_ampl>0.01;trend_kind_down;prev_t_kind_up;max_disp_change<;disp_monotone_up_false;disp_avg_change>0.3;max_disp>0.6;min_disp<,0
28937,extreme_disp_few;avg_ampl_gt_limit>0.007;avg_disp_tail>0.2;up_strick_0;down_strick_1;trend_len_short;trend_max_ampl<;trend_kind_down;prev_t_kind_up;max_disp_change<;disp_monotone_up_false;disp_avg_change>0.3;max_disp>0.6;min_disp<,0
28992,extreme_disp_moderate;avg_ampl_gt_limit>0.007;avg_disp_tail>0.5;up_strick_0;down_strick_3;trend_len_short;trend_max_ampl>0.01;trend_kind_down;prev_t_kind_down;max_disp_change<;disp_monotone_up_false;disp_avg_change>0.5;max_disp>0.6;min_disp>0.1,0
29640,extreme_disp_few;avg_ampl_gt_limit>0.007;avg_disp_tail<;up_strick_0;down_strick_1;trend_len_short;trend_max_ampl>0.01;trend_kind_down;prev_t_kind_up;max_disp_change>0.3;disp_monotone_up_true;disp_avg_change>0.3;max_disp>0.4;min_disp<,0
31034,extreme_disp_few;avg_ampl_gt_limit<;avg_disp_tail>0.2;up_strick_0;down_strick_1;trend_len_middle;trend_max_ampl<;trend_kind_down;prev_t_kind_up;max_disp_change<;disp_monotone_up_false;disp_avg_change>0.3;max_disp>0.6;min_disp<,1
31395,extreme_disp_moderate;avg_ampl_gt_limit>0.007;avg_disp_tail>0.5;up_strick_0;down_strick_1;trend_len_short;trend_max_ampl>0.01;trend_kind_down;prev_t_kind_up;max_disp_change>0.5;disp_monotone_up_true;disp_avg_change>0.5;max_disp>0.6;min_disp>0.1,0
31461,extreme_disp_many;avg_ampl_gt_limit>0.007;avg_disp_tail>0.5;up_strick_0;down_strick_1;trend_len_short;trend_max_ampl>0.01;trend_kind_down;prev_t_kind_up;max_disp_change>0.3;disp_monotone_up_true;disp_avg_change>0.3;max_disp>0.6;min_disp>0.1,0
31681,extreme_disp_moderate;avg_ampl_gt_limit>0.007;avg_disp_tail>0.5;up_strick_1;down_strick_0;trend_len_short;trend_max_ampl>0.01;trend_kind_up;prev_t_kind_down;max_disp_change>0.2;disp_monotone_up_true;disp_avg_change<;max_disp>0.4;min_disp>0.1,0
31876,extreme_disp_moderate;avg_ampl_gt_limit>0.013;avg_disp_tail>0.3;up_strick_0;down_strick_1;trend_len_short;trend_max_ampl>0.01;trend_kind_down;prev_t_kind_up;max_disp_change<;disp_monotone_up_false;disp_avg_change>0.3;max_disp>0.6;min_disp>0.3,1
32113,extreme_disp_few;avg_ampl_gt_limit<;avg_disp_tail>0.2;up_strick_0;down_strick_1;trend_len_middle;trend_max_ampl>0.01;trend_kind_down;prev_t_kind_up;max_disp_change<;disp_monotone_up_false;disp_avg_change>0.3;max_disp>0.6;min_disp<,1
32120,extreme_disp_few;avg_ampl_gt_limit<;avg_disp_tail>0.3;up_strick_0;down_strick_1;trend_len_long;trend_max_ampl>0.01;trend_kind_down;prev_t_kind_up;max_disp_change<;disp_monotone_up_false;disp_avg_change>0.3;max_disp>0.6;min_disp<,0
32209,extreme_disp_moderate;avg_ampl_gt_limit>0.007;avg_disp_tail>0.3;up_strick_0;down_strick_1;trend_len_short;trend_max_ampl>0.01;trend_kind_down;prev_t_kind_up;max_disp_change<;disp_monotone_up_false;disp_avg_change>0.3;max_disp>0.6;min_disp>0.1,1
32273,extreme_disp_few;avg_ampl_gt_limit<;avg_disp_tail>0.3;up_strick_0;down_strick_1;trend_len_short;trend_max_ampl<;trend_kind_down;prev_t_kind_up;max_disp_change<;disp_monotone_up_false;disp_avg_change>0.3;max_disp>0.4;min_disp>0.1,0
33048,extreme_disp_few;avg_ampl_gt_limit>0.007;avg_disp_tail>0.2;up_strick_0;down_strick_1;trend_len_short;trend_max_ampl>0.01;trend_kind_down;prev_t_kind_up;max_disp_change<;disp_monotone_up_false;disp_avg_change>0.3;max_disp>0.6;min_disp<,0
35535,extreme_disp_few;avg_ampl_gt_limit>0.007;avg_disp_tail<;up_strick_1;down_strick_0;trend_len_middle;trend_max_ampl>0.01;trend_kind_up;prev_t_kind_down;max_disp_change>0.5;disp_monotone_up_false;disp_avg_change<;max_disp>0.6;min_disp<,1
35820,extreme_disp_few;avg_ampl_gt_limit>0.007;avg_disp_tail<;up_strick_0;down_strick_1;trend_len_short;trend_max_ampl>0.01;trend_kind_down;prev_t_kind_up;max_disp_change>0.5;disp_monotone_up_true;disp_avg_change>0.5;max_disp>0.6;min_disp<,0
36024,extreme_disp_few;avg_ampl_gt_limit<;avg_disp_tail>0.2;up_strick_0;down_strick_1;trend_len_middle;trend_max_ampl>0.01;trend_kind_down;prev_t_kind_up;max_disp_change<;disp_monotone_up_false;disp_avg_change>0.3;max_disp>0.6;min_disp<,0
36502,extreme_disp_few;avg_ampl_gt_limit>0.007;avg_disp_tail<;up_strick_0;down_strick_1;trend_len_short;trend_max_ampl<;trend_kind_down;prev_t_kind_up;max_disp_change>0.5;disp_monotone_up_true;disp_avg_change>0.5;max_disp>0.6;min_disp<,0
37088,extreme_disp_moderate;avg_ampl_gt_limit>0.013;avg_disp_tail>0.5;up_strick_0;down_strick_1;trend_len_middle;trend_max_ampl>0.01;trend_kind_down;prev_t_kind_up;max_disp_change>0.5;disp_monotone_up_false;disp_avg_change>0.3;max_disp>0.6;min_disp>0.1,0
37090,extreme_disp_many;avg_ampl_gt_limit>0.013;avg_disp_tail>0.5;up_strick_0;down_strick_1;trend_len_middle;trend_max_ampl>0.01;trend_kind_down;prev_t_kind_up;max_disp_change>0.5;disp_monotone_up_false;disp_avg_change>0.3;max_disp>0.6;min_disp>0.1,0
37282,extreme_disp_few;avg_ampl_gt_limit<;avg_disp_tail>0.3;up_strick_0;down_strick_1;trend_len_long;trend_max_ampl>0.01;trend_kind_down;prev_t_kind_up;max_disp_change<;disp_monotone_up_false;disp_avg_change>0.3;max_disp>0.6;min_disp<,0
37646,extreme_disp_few;avg_ampl_gt_limit>0.007;avg_disp_tail>0.3;up_strick_0;down_strick_1;trend_len_short;trend_max_ampl>0.01;trend_kind_down;prev_t_kind_up;max_disp_change<;disp_monotone_up_false;disp_avg_change>0.3;max_disp>0.6;min_disp>0.1,0
39126,extreme_disp_few;avg_ampl_gt_limit>0.007;avg_disp_tail<;up_strick_0;down_strick_1;trend_len_short;trend_max_ampl>0.01;trend_kind_down;prev_t_kind_up;max_disp_change>0.3;disp_monotone_up_true;disp_avg_change<;max_disp>0.4;min_disp<,0
40402,extreme_disp_few;avg_ampl_gt_limit<;avg_disp_tail>0.3;up_strick_0;down_strick_1;trend_len_middle;trend_max_ampl>0.01;trend_kind_down;prev_t_kind_up;max_disp_change<;disp_monotone_up_false;disp_avg_change>0.3;max_disp>0.6;min_disp<,0
40429,extreme_disp_few;avg_ampl_gt_limit>0.007;avg_disp_tail>0.3;up_strick_0;down_strick_1;trend_len_middle;trend_max_ampl>0.01;trend_kind_down;prev_t_kind_up;max_disp_change<;disp_monotone_up_false;disp_avg_change>0.3;max_disp>0.6;min_disp>0.1,0
40502,extreme_disp_few;avg_ampl_gt_limit<;avg_disp_tail>0.2;up_strick_0;down_strick_1;trend_len_middle;trend_max_ampl<;trend_kind_down;prev_t_kind_up;max_disp_change<;disp_monotone_up_false;disp_avg_change>0.3;max_disp>0.6;min_disp>0.2,0
40610,extreme_disp_moderate;avg_ampl_gt_limit<;avg_disp_tail>0.3;up_strick_0;down_strick_1;trend_len_middle;trend_max_ampl>0.01;trend_kind_down;prev_t_kind_up;max_disp_change<;disp_monotone_up_false;disp_avg_change>0.3;max_disp>0.6;min_disp>0.1,0
40728,extreme_disp_few;avg_ampl_gt_limit>0.007;avg_disp_tail<;up_strick_1;down_strick_0;trend_len_long;trend_max_ampl>0.01;trend_kind_up;prev_t_kind_down;max_disp_change>0.5;disp_monotone_up_false;disp_avg_change<;max_disp>0.6;min_disp<,0
40787,extreme_disp_few;avg_ampl_gt_limit<;avg_disp_tail>0.2;up_strick_0;down_strick_1;trend_len_short;trend_max_ampl<;trend_kind_down;prev_t_kind_up;max_disp_change<;disp_monotone_up_false;disp_avg_change>0.3;max_disp>0.6;min_disp<,0
40838,extreme_disp_few;avg_ampl_gt_limit>0.007;avg_disp_tail>0.3;up_strick_0;down_strick_1;trend_len_middle;trend_max_ampl>0.01;trend_kind_down;prev_t_kind_up;max_disp_change<;disp_monotone_up_false;disp_avg_change>0.3;max_disp>0.6;min_disp>0.1,1
40860,extreme_disp_many;avg_ampl_gt_limit>0.013;avg_disp_tail>0.5;up_strick_0;down_strick_1;trend_len_short;trend_max_ampl>0.01;trend_kind_down;prev_t_kind_up;max_disp_change>0.5;disp_monotone_up_true;disp_avg_change>0.5;max_disp>0.6;min_disp>0.1,0
41688,extreme_disp_few;avg_ampl_gt_limit>0.007;avg_disp_tail<;up_strick_1;down_strick_0;trend_len_middle;trend_max_ampl>0.01;trend_kind_up;prev_t_kind_down;max_disp_change>0.5;disp_monotone_up_false;disp_avg_change<;max_disp>0.6;min_disp<,0
41776,extreme_disp_moderate;avg_ampl_gt_limit>0.007;avg_disp_tail>0.5;up_strick_0;down_strick_1;trend_len_middle;trend_max_ampl>0.01;trend_kind_down;prev_t_kind_up;max_disp_change>0.5;disp_monotone_up_false;disp_avg_change>0.3;max_disp>0.6;min_disp>0.1,0
44690,extreme_disp_moderate;avg_ampl_gt_limit>0.013;avg_disp_tail>0.5;up_strick_0;down_strick_1;trend_len_short;trend_max_ampl>0.01;trend_kind_down;prev_t_kind_up;max_disp_change>0.3;disp_monotone_up_true;disp_avg_change>0.3;max_disp>0.4;min_disp>0.1,0
44694,extreme_disp_moderate;avg_ampl_gt_limit>0.007;avg_disp_tail>0.5;up_strick_0;down_strick_1;trend_len_middle;trend_max_ampl>0.01;trend_kind_down;prev_t_kind_up;max_disp_change<;disp_monotone_up_false;disp_avg_change>0.3;max_disp>0.6;min_disp>0.1,0
44734,extreme_disp_many;avg_ampl_gt_limit>0.007;avg_disp_tail>0.5;up_strick_0;down_strick_1;trend_len_short;trend_max_ampl>0.01;trend_kind_down;prev_t_kind_up;max_disp_change>0.3;disp_monotone_up_true;disp_avg_change>0.3;max_disp>0.6;min_disp>0.1,0
44738,extreme_disp_many;avg_ampl_gt_limit>0.013;avg_disp_tail>0.5;up_strick_1;down_strick_0;trend_len_short;trend_max_ampl>0.01;trend_kind_up;prev_t_kind_down;max_disp_change>0.3;disp_monotone_up_false;disp_avg_change<;max_disp>0.6;min_disp>0.1,0
44782,extreme_disp_moderate;avg_ampl_gt_limit>0.007;avg_disp_tail>0.5;up_strick_0;down_strick_2;trend_len_short;trend_max_ampl>0.01;trend_kind_down;prev_t_kind_down;max_disp_change<;disp_monotone_up_false;disp_avg_change>0.3;max_disp>0.6;min_disp>0.1,0
44790,extreme_disp_moderate;avg_ampl_gt_limit>0.013;avg_disp_tail>0.5;up_strick_0;down_strick_1;trend_len_short;trend_max_ampl>0.01;trend_kind_down;prev_t_kind_up;max_disp_change>0.5;disp_monotone_up_false;disp_avg_change>0.3;max_disp>0.6;min_disp>0.1,0
44822,extreme_disp_few;avg_ampl_gt_limit>0.007;avg_disp_tail>0.3;up_strick_0;down_strick_1;trend_len_short;trend_max_ampl<;trend_kind_down;prev_t_kind_up;max_disp_change<;disp_monotone_up_false;disp_avg_change>0.3;max_disp>0.6;min_disp>0.2,0
44859,extreme_disp_many;avg_ampl_gt_limit>0.013;avg_disp_tail>0.5;up_strick_0;down_strick_1;trend_len_short;trend_max_ampl>0.01;trend_kind_down;prev_t_kind_up;max_disp_change>0.5;disp_monotone_up_true;disp_avg_change>0.5;max_disp>0.6;min_disp>0.1,0
44982,extreme_disp_few;avg_ampl_gt_limit>0.007;avg_disp_tail>0.3;up_strick_0;down_strick_1;trend_len_middle;trend_max_ampl>0.01;trend_kind_down;prev_t_kind_up;max_disp_change<;disp_monotone_up_false;disp_avg_change>0.3;max_disp>0.6;min_disp<,0
45025,extreme_disp_few;avg_ampl_gt_limit>0.007;avg_disp_tail>0.2;up_strick_0;down_strick_1;trend_len_short;trend_max_ampl<;trend_kind_down;prev_t_kind_up;max_disp_change<;disp_monotone_up_false;disp_avg_change>0.3;max_disp>0.4;min_disp>0.1,1
45028,extreme_disp_moderate;avg_ampl_gt_limit>0.007;avg_disp_tail>0.5;up_strick_0;down_strick_1;trend_len_middle;trend_max_ampl>0.01;trend_kind_down;prev_t_kind_up;max_disp_change>0.5;disp_monotone_up_false;disp_avg_change<;max_disp>0.6;min_disp>0.1,0
45061,extreme_disp_few;avg_ampl_gt_limit>0.007;avg_disp_tail>0.5;up_strick_0;down_strick_1;trend_len_middle;trend_max_ampl>0.01;trend_kind_down;prev_t_kind_up;max_disp_change>0.3;disp_monotone_up_false;disp_avg_change<;max_disp>0.6;min_disp>0.1,0
45702,extreme_disp_few;avg_ampl_gt_limit<;avg_disp_tail>0.2;up_strick_0;down_strick_1;trend_len_long;trend_max_ampl>0.01;trend_kind_down;prev_t_kind_up;max_disp_change<;disp_monotone_up_false;disp_avg_change>0.3;max_disp>0.6;min_disp<,0
45718,extreme_disp_few;avg_ampl_gt_limit>0.007;avg_disp_tail>0.3;up_strick_0;down_strick_1;trend_len_middle;trend_max_ampl>0.01;trend_kind_down;prev_t_kind_up;max_disp_change<;disp_monotone_up_false;disp_avg_change>0.3;max_disp>0.6;min_disp<,1
45751,extreme_disp_moderate;avg_ampl_gt_limit>0.007;avg_disp_tail>0.5;up_strick_0;down_strick_1;trend_len_long;trend_max_ampl>0.01;trend_kind_down;prev_t_kind_up;max_disp_change>0.5;disp_monotone_up_false;disp_avg_change>0.3;max_disp>0.6;min_disp>0.1,0
46106,extreme_disp_few;avg_ampl_gt_limit<;avg_disp_tail>0.3;up_strick_0;down_strick_1;trend_len_middle;trend_max_ampl>0.01;trend_kind_down;prev_t_kind_up;max_disp_change<;disp_monotone_up_false;disp_avg_change>0.3;max_disp>0.6;min_disp<,0
46670,extreme_disp_moderate;avg_ampl_gt_limit>0.007;avg_disp_tail>0.3;up_strick_0;down_strick_1;trend_len_long;trend_max_ampl>0.01;trend_kind_down;prev_t_kind_up;max_disp_change<;disp_monotone_up_false;disp_avg_change>0.3;max_disp>0.6;min_disp<,0
46879,extreme_disp_few;avg_ampl_gt_limit>0.007;avg_disp_tail<;up_strick_0;down_strick_1;trend_len_short;trend_max_ampl>0.01;trend_kind_down;prev_t_kind_up;max_disp_change>0.3;disp_monotone_up_true;disp_avg_change>0.3;max_disp>0.4;min_disp<,1
46987,extreme_disp_few;avg_ampl_gt_limit>0.007;avg_disp_tail<;up_strick_0;down_strick_1;trend_len_short;trend_max_ampl>0.01;trend_kind_down;prev_t_kind_up;max_disp_change>0.5;disp_monotone_up_true;disp_avg_change>0.5;max_disp>0.4;min_disp<,0
47278,extreme_disp_few;avg_ampl_gt_limit<;avg_disp_tail>0.3;up_strick_0;down_strick_1;trend_len_middle;trend_max_ampl<;trend_kind_down;prev_t_kind_up;max_disp_change<;disp_monotone_up_false;disp_avg_change>0.3;max_disp>0.6;min_disp>0.1,0
47329,extreme_disp_few;avg_ampl_gt_limit<;avg_disp_tail>0.2;up_strick_0;down_strick_1;trend_len_short;trend_max_ampl<;trend_kind_down;prev_t_kind_up;max_disp_change<;disp_monotone_up_false;disp_avg_change>0.3;max_disp>0.6;min_disp<,0
47396,extreme_disp_few;avg_ampl_gt_limit>0.007;avg_disp_tail<;up_strick_0;down_strick_1;trend_len_short;trend_max_ampl>0.01;trend_kind_down;prev_t_kind_up;max_disp_change>0.5;disp_monotone_up_true;disp_avg_change>0.3;max_disp>0.6;min_disp<,0
47776,extreme_disp_moderate;avg_ampl_gt_limit<;avg_disp_tail>0.5;up_strick_0;down_strick_1;trend_len_short;trend_max_ampl<;trend_kind_down;prev_t_kind_up;max_disp_change<;disp_monotone_up_false;disp_avg_change>0.3;max_disp>0.6;min_disp>0.3,0
47815,extreme_disp_few;avg_ampl_gt_limit>0.007;avg_disp_tail>0.2;up_strick_0;down_strick_1;trend_len_short;trend_max_ampl>0.01;trend_kind_down;prev_t_kind_up;max_disp_change<;disp_monotone_up_false;disp_avg_change>0.3;max_disp>0.4;min_disp>0.1,0
47953,extreme_disp_few;avg_ampl_gt_limit>0.007;avg_disp_tail<;up_strick_0;down_strick_1;trend_len_short;trend_max_ampl>0.01;trend_kind_down;prev_t_kind_up;max_disp_change>0.5;disp_monotone_up_true;disp_avg_change>0.5;max_disp>0.6;min_disp<,0
48924,extreme_disp_few;avg_ampl_gt_limit>0.007;avg_disp_tail>0.5;up_strick_0;down_strick_1;trend_len_short;trend_max_ampl>0.01;trend_kind_down;prev_t_kind_up;max_disp_change>0.5;disp_monotone_up_false;disp_avg_change>0.3;max_disp>0.6;min_disp>0.1,1
49185,extreme_disp_few;avg_ampl_gt_limit>0.007;avg_disp_tail>0.3;up_strick_0;down_strick_1;trend_len_middle;trend_max_ampl>0.01;trend_kind_down;prev_t_kind_up;max_disp_change<;disp_monotone_up_false;disp_avg_change>0.3;max_disp>0.6;min_disp>0.1,1
51014,extreme_disp_moderate;avg_ampl_gt_limit>0.007;avg_disp_tail>0.5;up_strick_1;down_strick_0;trend_len_middle;trend_max_ampl>0.01;trend_kind_up;prev_t_kind_down;max_disp_change<;disp_monotone_up_false;disp_avg_change<;max_disp>0.6;min_disp>0.1,1
51105,extreme_disp_many;avg_ampl_gt_limit>0.013;avg_disp_tail>0.5;up_strick_0;down_strick_1;trend_len_short;trend_max_ampl>0.01;trend_kind_down;prev_t_kind_up;max_disp_change<;disp_monotone_up_false;disp_avg_change>0.3;max_disp>0.6;min_disp>0.3,0
51108,extreme_disp_many;avg_ampl_gt_limit>0.013;avg_disp_tail>0.5;up_strick_1;down_strick_0;trend_len_short;trend_max_ampl>0.01;trend_kind_up;prev_t_kind_down;max_disp_change<;disp_monotone_up_false;disp_avg_change<;max_disp>0.6;min_disp>0.1,0
51255,extreme_disp_few;avg_ampl_gt_limit>0.007;avg_disp_tail<;up_strick_0;down_strick_1;trend_len_short;trend_max_ampl>0.01;trend_kind_down;prev_t_kind_up;max_disp_change>0.3;disp_monotone_up_true;disp_avg_change>0.3;max_disp>0.4;min_disp<,0
51978,extreme_disp_few;avg_ampl_gt_limit>0.007;avg_disp_tail<;up_strick_0;down_strick_1;trend_len_short;trend_max_ampl>0.01;trend_kind_down;prev_t_kind_up;max_disp_change>0.3;disp_monotone_up_false;disp_avg_change<;max_disp>0.4;min_disp<,0
52672,extreme_disp_many;avg_ampl_gt_limit>0.013;avg_disp_tail>0.5;up_strick_0;down_strick_1;trend_len_short;trend_max_ampl>0.03;trend_kind_down;prev_t_kind_up;max_disp_change<;disp_monotone_up_false;disp_avg_change>0.3;max_disp>0.6;min_disp>0.2,0
52755,extreme_disp_moderate;avg_ampl_gt_limit>0.013;avg_disp_tail>0.5;up_strick_0;down_strick_1;trend_len_short;trend_max_ampl>0.01;trend_kind_down;prev_t_kind_up;max_disp_change>0.5;disp_monotone_up_true;disp_avg_change>0.5;max_disp>0.6;min_disp>0.1,1
52761,extreme_disp_moderate;avg_ampl_gt_limit>0.013;avg_disp_tail>0.5;up_strick_0;down_strick_1;trend_len_short;trend_max_ampl>0.01;trend_kind_down;prev_t_kind_up;max_disp_change>0.5;disp_monotone_up_true;disp_avg_change>0.3;max_disp>0.6;min_disp>0.1,0
52850,extreme_disp_moderate;avg_ampl_gt_limit>0.013;avg_disp_tail>0.5;up_strick_0;down_strick_1;trend_len_short;trend_max_ampl>0.01;trend_kind_down;prev_t_kind_up;max_disp_change>0.5;disp_monotone_up_false;disp_avg_change>0.5;max_disp>0.6;min_disp>0.1,0
53192,extreme_disp_few;avg_ampl_gt_limit>0.007;avg_disp_tail>0.2;up_strick_0;down_strick_1;trend_len_middle;trend_max_ampl>0.01;trend_kind_down;prev_t_kind_up;max_disp_change<;disp_monotone_up_false;disp_avg_change>0.3;max_disp>0.6;min_disp>0.1,0
54081,extreme_disp_few;avg_ampl_gt_limit>0.007;avg_disp_tail>0.3;up_strick_0;down_strick_1;trend_len_middle;trend_max_ampl>0.01;trend_kind_down;prev_t_kind_up;max_disp_change<;disp_monotone_up_false;disp_avg_change>0.3;max_disp>0.6;min_disp>0.1,0
54096,extreme_disp_moderate;avg_ampl_gt_limit>0.007;avg_disp_tail>0.5;up_strick_0;down_strick_1;trend_len_short;trend_max_ampl>0.01;trend_kind_down;prev_t_kind_up;max_disp_change>0.2;disp_monotone_up_true;disp_avg_change<;max_disp>0.4;min_disp>0.1,0
54702,extreme_disp_moderate;avg_ampl_gt_limit>0.013;avg_disp_tail>0.5;up_strick_0;down_strick_1;trend_len_short;trend_max_ampl>0.01;trend_kind_down;prev_t_kind_up;max_disp_change>0.5;disp_monotone_up_true;disp_avg_change>0.3;max_disp>0.6;min_disp>0.1,0
54941,extreme_disp_moderate;avg_ampl_gt_limit>0.013;avg_disp_tail>0.5;up_strick_0;down_strick_1;trend_len_short;trend_max_ampl>0.01;trend_kind_down;prev_t_kind_up;max_disp_change<;disp_monotone_up_false;disp_avg_change>0.3;max_disp>0.6;min_disp>0.2,0
54974,extreme_disp_moderate;avg_ampl_gt_limit>0.007;avg_disp_tail>0.3;up_strick_0;down_strick_1;trend_len_short;trend_max_ampl>0.01;trend_kind_down;prev_t_kind_up;max_disp_change<;disp_monotone_up_false;disp_avg_change>0.3;max_disp>0.6;min_disp>0.2,0
55821,extreme_disp_few;avg_ampl_gt_limit>0.007;avg_disp_tail>0.3;up_strick_0;down_strick_1;trend_len_short;trend_max_ampl>0.01;trend_kind_down;prev_t_kind_up;max_disp_change<;disp_monotone_up_false;disp_avg_change>0.3;max_disp>0.6;min_disp>0.2,1
56679,extreme_disp_few;avg_ampl_gt_limit>0.007;avg_disp_tail<;up_strick_0;down_strick_1;trend_len_short;trend_max_ampl>0.01;trend_kind_down;prev_t_kind_up;max_disp_change>0.5;disp_monotone_up_true;disp_avg_change>0.5;max_disp>0.6;min_disp<,0
60787,extreme_disp_few;avg_ampl_gt_limit>0.007;avg_disp_tail<;up_strick_0;down_strick_1;trend_len_middle;trend_max_ampl>0.01;trend_kind_down;prev_t_kind_up;max_disp_change>0.5;disp_monotone_up_false;disp_avg_change<;max_disp>0.6;min_disp<,0
61622,extreme_disp_few;avg_ampl_gt_limit>0.007;avg_disp_tail<;up_strick_0;down_strick_1;trend_len_short;trend_max_ampl>0.01;trend_kind_down;prev_t_kind_up;max_disp_change>0.5;disp_monotone_up_true;disp_avg_change>0.3;max_disp>0.6;min_disp<,1
62763,extreme_disp_moderate;avg_ampl_gt_limit>0.007;avg_disp_tail>0.5;up_strick_0;down_strick_1;trend_len_short;trend_max_ampl>0.01;trend_kind_down;prev_t_kind_up;max_disp_change>0.5;disp_monotone_up_false;disp_avg_change>0.3;max_disp>0.6;min_disp>0.1,0
62779,extreme_disp_moderate;avg_ampl_gt_limit>0.007;avg_disp_tail>0.5;up_strick_0;down_strick_1;trend_len_short;trend_max_ampl>0.01;trend_kind_down;prev_t_kind_up;max_disp_change>0.3;disp_monotone_up_true;disp_avg_change>0.3;max_disp>0.6;min_disp>0.1,1
62832,extreme_disp_moderate;avg_ampl_gt_limit>0.007;avg_disp_tail>0.3;up_strick_0;down_strick_1;trend_len_middle;trend_max_ampl>0.01;trend_kind_down;prev_t_kind_up;max_disp_change<;disp_monotone_up_false;disp_avg_change>0.3;max_disp>0.6;min_disp<,0
63268,extreme_disp_few;avg_ampl_gt_limit>0.007;avg_disp_tail<;up_strick_0;down_strick_1;trend_len_short;trend_max_ampl>0.01;trend_kind_down;prev_t_kind_up;max_disp_change>0.5;disp_monotone_up_false;disp_avg_change>0.3;max_disp>0.4;min_disp<,0
63303,extreme_disp_few;avg_ampl_gt_limit<;avg_disp_tail>0.3;up_strick_0;down_strick_1;trend_len_middle;trend_max_ampl>0.01;trend_kind_down;prev_t_kind_up;max_disp_change<;disp_monotone_up_false;disp_avg_change>0.3;max_disp>0.6;min_disp<,1
63451,extreme_disp_few;avg_ampl_gt_limit>0.007;avg_disp_tail>0.2;up_strick_0;down_strick_1;trend_len_short;trend_max_ampl>0.01;trend_kind_down;prev_t_kind_up;max_disp_change<;disp_monotone_up_false;disp_avg_change>0.3;max_disp>0.6;min_disp>0.1,0
63564,extreme_disp_few;avg_ampl_gt_limit>0.007;avg_disp_tail<;up_strick_1;down_strick_0;trend_len_short;trend_max_ampl>0.01;trend_kind_up;prev_t_kind_down;max_disp_change>0.3;disp_monotone_up_false;disp_avg_change<;max_disp>0.4;min_disp<,0
63833,extreme_disp_few;avg_ampl_gt_limit>0.007;avg_disp_tail<;up_strick_0;down_strick_1;trend_len_short;trend_max_ampl<;trend_kind_down;prev_t_kind_up;max_disp_change>0.3;disp_monotone_up_true;disp_avg_change>0.3;max_disp>0.4;min_disp<,0
63867,extreme_disp_few;avg_ampl_gt_limit>0.007;avg_disp_tail>0.2;up_strick_0;down_strick_1;trend_len_short;trend_max_ampl>0.01;trend_kind_down;prev_t_kind_up;max_disp_change<;disp_monotone_up_false;disp_avg_change>0.3;max_disp>0.6;min_disp>0.1,1
63886,extreme_disp_few;avg_ampl_gt_limit>0.007;avg_disp_tail>0.5;up_strick_0;down_strick_1;trend_len_short;trend_max_ampl>0.01;trend_kind_down;prev_t_kind_up;max_disp_change>0.3;disp_monotone_up_true;disp_avg_change<;max_disp>0.6;min_disp>0.1,0
64183,extreme_disp_few;avg_ampl_gt_limit>0.007;avg_disp_tail<;up_strick_0;down_strick_1;trend_len_middle;trend_max_ampl>0.01;trend_kind_down;prev_t_kind_up;max_disp_change>0.3;disp_monotone_up_false;disp_avg_change<;max_disp>0.4;min_disp<,0
65044,extreme_disp_few;avg_ampl_gt_limit>0.007;avg_disp_tail>0.3;up_strick_0;down_strick_1;trend_len_middle;trend_max_ampl>0.01;trend_kind_down;prev_t_kind_up;max_disp_change<;disp_monotone_up_false;disp_avg_change>0.3;max_disp>0.6;min_disp<,0
65516,extreme_disp_few;avg_ampl_gt_limit>0.007;avg_disp_tail<;up_strick_0;down_strick_1;trend_len_short;trend_max_ampl>0.01;trend_kind_down;prev_t_kind_up;max_disp_change>0.5;disp_monotone_up_true;disp_avg_change>0.5;max_disp>0.6;min_disp<,0
66861,extreme_disp_few;avg_ampl_gt_limit>0.007;avg_disp_tail<;up_strick_0;down_strick_1;trend_len_short;trend_max_ampl>0.01;trend_kind_down;prev_t_kind_up;max_disp_change>0.5;disp_monotone_up_true;disp_avg_change>0.5;max_disp>0.4;min_disp<,0
67935,extreme_disp_few;avg_ampl_gt_limit>0.007;avg_disp_tail>0.2;up_strick_0;down_strick_1;trend_len_short;trend_max_ampl<;trend_kind_down;prev_t_kind_up;max_disp_change<;disp_monotone_up_false;disp_avg_change>0.3;max_disp>0.6;min_disp<,0
68804,extreme_disp_few;avg_ampl_gt_limit>0.007;avg_disp_tail<;up_strick_0;down_strick_1;trend_len_short;trend_max_ampl>0.01;trend_kind_down;prev_t_kind_up;max_disp_change>0.3;disp_monotone_up_true;disp_avg_change<;max_disp>0.6;min_disp<,0
70911,extreme_disp_few;avg_ampl_gt_limit>0.007;avg_disp_tail<;up_strick_0;down_strick_1;trend_len_middle;trend_max_ampl>0.01;trend_kind_down;prev_t_kind_up;max_disp_change>0.5;disp_monotone_up_false;disp_avg_change<;max_disp>0.6;min_disp<,0
72480,extreme_disp_few;avg_ampl_gt_limit<;avg_disp_tail>0.3;up_strick_0;down_strick_1;trend_len_short;trend_max_ampl<;trend_kind_down;prev_t_kind_up;max_disp_change<;disp_monotone_up_false;disp_avg_change>0.3;max_disp>0.6;min_disp>0.1,0
72692,extreme_disp_moderate;avg_ampl_gt_limit<;avg_disp_tail>0.3;up_strick_0;down_strick_1;trend_len_short;trend_max_ampl<;trend_kind_down;prev_t_kind_up;max_disp_change<;disp_monotone_up_false;disp_avg_change>0.3;max_disp>0.6;min_disp>0.1,1
72737,extreme_disp_few;avg_ampl_gt_limit<;avg_disp_tail>0.3;up_strick_0;down_strick_1;trend_len_long;trend_max_ampl<;trend_kind_down;prev_t_kind_up;max_disp_change<;disp_monotone_up_false;disp_avg_change>0.3;max_disp>0.6;min_disp<,0
73006,extreme_disp_moderate;avg_ampl_gt_limit>0.007;avg_disp_tail>0.3;up_strick_0;down_strick_1;trend_len_middle;trend_max_ampl>0.01;trend_kind_down;prev_t_kind_up;max_disp_change<;disp_monotone_up_false;disp_avg_change>0.3;max_disp>0.6;min_disp>0.1,0
73080,extreme_disp_few;avg_ampl_gt_limit>0.007;avg_disp_tail>0.5;up_strick_0;down_strick_1;trend_len_middle;trend_max_ampl>0.01;trend_kind_down;prev_t_kind_up;max_disp_change>0.3;disp_monotone_up_false;disp_avg_change<;max_disp>0.6;min_disp>0.1,1
73126,extreme_disp_moderate;avg_ampl_gt_limit>0.007;avg_disp_tail>0.3;up_strick_0;down_strick_1;trend_len_middle;trend_max_ampl>0.01;trend_kind_down;prev_t_kind_up;max_disp_change<;disp_monotone_up_false;disp_avg_change>0.3;max_disp>0.6;min_disp<,0
73899,extreme_disp_few;avg_ampl_gt_limit<;avg_disp_tail>0.2;up_strick_0;down_strick_1;trend_len_short;trend_max_ampl<;trend_kind_down;prev_t_kind_up;max_disp_change<;disp_monotone_up_false;disp_avg_change>0.3;max_disp>0.4;min_disp<,0
73995,extreme_disp_few;avg_ampl_gt_limit<;avg_disp_tail>0.3;up_strick_0;down_strick_1;trend_len_long;trend_max_ampl>0.01;trend_kind_down;prev_t_kind_up;max_disp_change<;disp_monotone_up_false;disp_avg_change>0.3;max_disp>0.6;min_disp<,0
74361,extreme_disp_moderate;avg_ampl_gt_limit<;avg_disp_tail>0.3;up_strick_0;down_strick_1;trend_len_long;trend_max_ampl>0.01;trend_kind_down;prev_t_kind_up;max_disp_change<;disp_monotone_up_false;disp_avg_change>0.3;max_disp>0.6;min_disp>0.1,1
74370,extreme_disp_few;avg_ampl_gt_limit<;avg_disp_tail>0.3;up_strick_0;down_strick_1;trend_len_long;trend_max_ampl>0.01;trend_kind_down;prev_t_kind_up;max_disp_change<;disp_monotone_up_false;disp_avg_change>0.3;max_disp>0.6;min_disp>0.1,0
75206,extreme_disp_few;avg_ampl_gt_limit<;avg_disp_tail<;up_strick_0;down_strick_1;trend_len_middle;trend_max_ampl<;trend_kind_down;prev_t_kind_up;max_disp_change<;disp_monotone_up_false;disp_avg_change>0.3;max_disp>0.6;min_disp<,0
80061,extreme_disp_moderate;avg_ampl_gt_limit>0.007;avg_disp_tail>0.5;up_strick_0;down_strick_1;trend_len_long;trend_max_ampl>0.01;trend_kind_down;prev_t_kind_up;max_disp_change<;disp_monotone_up_false;disp_avg_change>0.3;max_disp>0.6;min_disp>0.1,0
80070,extreme_disp_many;avg_ampl_gt_limit>0.007;avg_disp_tail>0.5;up_strick_0;down_strick_1;trend_len_short;trend_max_ampl>0.01;trend_kind_down;prev_t_kind_up;max_disp_change>0.5;disp_monotone_up_true;disp_avg_change>0.5;max_disp>0.6;min_disp>0.1,0
80812,extreme_disp_few;avg_ampl_gt_limit>0.007;avg_disp_tail<;up_strick_0;down_strick_1;trend_len_long;trend_max_ampl<;trend_kind_down;prev_t_kind_up;max_disp_change>0.5;disp_monotone_up_false;disp_avg_change<;max_disp>0.6;min_disp<,0
82121,extreme_disp_few;avg_ampl_gt_limit>0.007;avg_disp_tail<;up_strick_0;down_strick_1;trend_len_middle;trend_max_ampl>0.01;trend_kind_down;prev_t_kind_up;max_disp_change>0.5;disp_monotone_up_false;disp_avg_change<;max_disp>0.6;min_disp<,1
82162,extreme_disp_moderate;avg_ampl_gt_limit>0.007;avg_disp_tail>0.5;up_strick_0;down_strick_1;trend_len_short;trend_max_ampl>0.01;trend_kind_down;prev_t_kind_up;max_disp_change>0.5;disp_monotone_up_false;disp_avg_change>0.5;max_disp>0.6;min_disp>0.1,0
84980,extreme_disp_few;avg_ampl_gt_limit>0.007;avg_disp_tail<;up_strick_1;down_strick_0;trend_len_middle;trend_max_ampl>0.01;trend_kind_up;prev_t_kind_down;max_disp_change>0.5;disp_monotone_up_false;disp_avg_change<;max_disp>0.4;min_disp<,0
85226,extreme_disp_few;avg_ampl_gt_limit>0.007;avg_disp_tail<;up_strick_0;down_strick_1;trend_len_short;trend_max_ampl>0.01;trend_kind_down;prev_t_kind_up;max_disp_change>0.5;disp_monotone_up_true;disp_avg_change>0.5;max_disp>0.4;min_disp<,0
85351,extreme_disp_few;avg_ampl_gt_limit>0.007;avg_disp_tail<;up_strick_1;down_strick_0;trend_len_middle;trend_max_ampl>0.01;trend_kind_up;prev_t_kind_down;max_disp_change>0.2;disp_monotone_up_false;disp_avg_change<;max_disp>0.4;min_disp<,0
86162,extreme_disp_few;avg_ampl_gt_limit>0.007;avg_disp_tail<;up_strick_0;down_strick_1;trend_len_middle;trend_max_ampl>0.01;trend_kind_down;prev_t_kind_up;max_disp_change>0.5;disp_monotone_up_false;disp_avg_change<;max_disp>0.6;min_disp<,0
90196,extreme_disp_few;avg_ampl_gt_limit>0.007;avg_disp_tail<;up_strick_0;down_strick_1;trend_len_short;trend_max_ampl>0.01;trend_kind_down;prev_t_kind_up;max_disp_change>0.5;disp_monotone_up_true;disp_avg_change>0.5;max_disp>0.6;min_disp<,0
90399,extreme_disp_moderate;avg_ampl_gt_limit>0.013;avg_disp_tail>0.5;up_strick_0;down_strick_2;trend_len_middle;trend_max_ampl>0.01;trend_kind_down;prev_t_kind_down;max_disp_change>0.5;disp_monotone_up_false;disp_avg_change>0.3;max_disp>0.6;min_disp>0.1,0
90448,extreme_disp_few;avg_ampl_gt_limit<;avg_disp_tail>0.2;up_strick_0;down_strick_1;trend_len_long;trend_max_ampl<;trend_kind_down;prev_t_kind_up;max_disp_change<;disp_monotone_up_false;disp_avg_change>0.3;max_disp>0.4;min_disp<,1
90455,extreme_disp_moderate;avg_ampl_gt_limit>0.007;avg_disp_tail>0.5;up_strick_1;down_strick_0;trend_len_short;trend_max_ampl>0.01;trend_kind_up;prev_t_kind_down;max_disp_change<;disp_monotone_up_false;disp_avg_change>0.3;max_disp>0.6;min_disp>0.1,0
91209,extreme_disp_few;avg_ampl_gt_limit<;avg_disp_tail>0.2;up_strick_0;down_strick_1;trend_len_short;trend_max_ampl<;trend_kind_down;prev_t_kind_up;max_disp_change<;disp_monotone_up_false;disp_avg_change>0.3;max_disp>0.6;min_disp<,0
91227,extreme_disp_few;avg_ampl_gt_limit>0.007;avg_disp_tail>0.2;up_strick_0;down_strick_1;trend_len_middle;trend_max_ampl>0.01;trend_kind_down;prev_t_kind_up;max_disp_change<;disp_monotone_up_false;disp_avg_change>0.3;max_disp>0.6;min_disp<,1
91911,extreme_disp_few;avg_ampl_gt_limit<;avg_disp_tail>0.3;up_strick_0;down_strick_1;trend_len_long;trend_max_ampl>0.01;trend_kind_down;prev_t_kind_up;max_disp_change<;disp_monotone_up_false;disp_avg_change>0.3;max_disp>0.6;min_disp<,0
91973,extreme_disp_few;avg_ampl_gt_limit<;avg_disp_tail>0.3;up_strick_0;down_strick_1;trend_len_middle;trend_max_ampl>0.01;trend_kind_down;prev_t_kind_up;max_disp_change<;disp_monotone_up_false;disp_avg_change>0.3;max_disp>0.6;min_disp<,0
92299,extreme_disp_few;avg_ampl_gt_limit>0.007;avg_disp_tail>0.3;up_strick_0;down_strick_1;trend_len_short;trend_max_ampl>0.01;trend_kind_down;prev_t_kind_up;max_disp_change<;disp_monotone_up_false;disp_avg_change>0.3;max_disp>0.6;min_disp<,1
92440,extreme_disp_few;avg_ampl_gt_limit<;avg_disp_tail>0.2;up_strick_0;down_strick_1;trend_len_middle;trend_max_ampl<;trend_kind_down;prev_t_kind_up;max_disp_change<;disp_monotone_up_false;disp_avg_change>0.3;max_disp>0.6;min_disp>0.1,1
92446,extreme_disp_moderate;avg_ampl_gt_limit<;avg_disp_tail>0.3;up_strick_0;down_strick_1;trend_len_long;trend_max_ampl>0.01;trend_kind_down;prev_t_kind_up;max_disp_change<;disp_monotone_up_false;disp_avg_change>0.3;max_disp>0.6;min_disp<,0
92599,extreme_disp_few;avg_ampl_gt_limit<;avg_disp_tail>0.2;up_strick_0;down_strick_1;trend_len_middle;trend_max_ampl<;trend_kind_down;prev_t_kind_up;max_disp_change<;disp_monotone_up_false;disp_avg_change>0.3;max_disp>0.6;min_disp<,0
93228,extreme_disp_few;avg_ampl_gt_limit<;avg_disp_tail>0.2;up_strick_0;down_strick_1;trend_len_short;trend_max_ampl<;trend_kind_down;prev_t_kind_up;max_disp_change<;disp_monotone_up_false;disp_avg_change>0.3;max_disp>0.6;min_disp<,0
93804,extreme_disp_many;avg_ampl_gt_limit>0.007;avg_disp_tail>0.5;up_strick_0;down_strick_1;trend_len_short;trend_max_ampl>0.01;trend_kind_down;prev_t_kind_up;max_disp_change>0.5;disp_monotone_up_false;disp_avg_change>0.3;max_disp>0.6;min_disp>0.1,0
93882,extreme_disp_few;avg_ampl_gt_limit<;avg_disp_tail>0.3;up_strick_0;down_strick_1;trend_len_middle;trend_max_ampl<;trend_kind_down;prev_t_kind_up;max_disp_change<;disp_monotone_up_false;disp_avg_change>0.3;max_disp>0.6;min_disp<,1
93883,extreme_disp_few;avg_ampl_gt_limit>0.007;avg_disp_tail>0.3;up_strick_0;down_strick_1;trend_len_long;trend_max_ampl>0.01;trend_kind_down;prev_t_kind_up;max_disp_change<;disp_monotone_up_false;disp_avg_change>0.3;max_disp>0.6;min_disp<,0
93897,extreme_disp_moderate;avg_ampl_gt_limit>0.013;avg_disp_tail>0.5;up_strick_0;down_strick_1;trend_len_short;trend_max_ampl>0.01;trend_kind_down;prev_t_kind_up;max_disp_change>0.5;disp_monotone_up_true;disp_avg_change>0.5;max_disp>0.6;min_disp>0.1,0
94010,extreme_disp_moderate;avg_ampl_gt_limit>0.007;avg_disp_tail>0.5;up_strick_0;down_strick_1;trend_len_short;trend_max_ampl>0.01;trend_kind_down;prev_t_kind_up;max_disp_change>0.5;disp_monotone_up_false;disp_avg_change<;max_disp>0.6;min_disp>0.1,0
94254,extreme_disp_few;avg_ampl_gt_limit<;avg_disp_tail>0.3;up_strick_0;down_strick_1;trend_len_middle;trend_max_ampl<;trend_kind_down;prev_t_kind_up;max_disp_change<;disp_monotone_up_false;disp_avg_change>0.3;max_disp>0.6;min_disp<,1
95565,extreme_disp_few;avg_ampl_gt_limit<;avg_disp_tail>0.3;up_strick_0;down_strick_1;trend_len_middle;trend_max_ampl<;trend_kind_down;prev_t_kind_up;max_disp_change<;disp_monotone_up_false;disp_avg_change>0.3;max_disp>0.6;min_disp<,0
96180,extreme_disp_few;avg_ampl_gt_limit<;avg_disp_tail>0.2;up_strick_0;down_strick_1;trend_len_short;trend_max_ampl<;trend_kind_down;prev_t_kind_up;max_disp_change<;disp_monotone_up_false;disp_avg_change>0.3;max_disp>0.6;min_disp>0.1,1
96500,extreme_disp_few;avg_ampl_gt_limit>0.007;avg_disp_tail>0.3;up_strick_0;down_strick_1;trend_len_middle;trend_max_ampl>0.01;trend_kind_down;prev_t_kind_up;max_disp_change<;disp_monotone_up_false;disp_avg_change>0.3;max_disp>0.6;min_disp<,1
96506,extreme_disp_few;avg_ampl_gt_limit>0.007;avg_disp_tail>0.3;up_strick_0;down_strick_1;trend_len_long;trend_max_ampl>0.01;trend_kind_down;prev_t_kind_up;max_disp_change<;disp_monotone_up_false;disp_avg_change>0.3;max_disp>0.6;min_disp<,0
96717,extreme_disp_moderate;avg_ampl_gt_limit<;avg_disp_tail>0.3;up_strick_0;down_strick_1;trend_len_middle;trend_max_ampl<;trend_kind_down;prev_t_kind_up;max_disp_change<;disp_monotone_up_false;disp_avg_change>0.3;max_disp>0.6;min_disp<,0
98191,extreme_disp_few;avg_ampl_gt_limit>0.007;avg_disp_tail<;up_strick_0;down_strick_1;trend_len_long;trend_max_ampl>0.01;trend_kind_down;prev_t_kind_up;max_disp_change>0.5;disp_monotone_up_false;disp_avg_change<;max_disp>0.6;min_disp<,0
98230,extreme_disp_few;avg_ampl_gt_limit>0.007;avg_disp_tail<;up_strick_0;down_strick_1;trend_len_short;trend_max_ampl>0.01;trend_kind_down;prev_t_kind_up;max_disp_change>0.5;disp_monotone_up_true;disp_avg_change>0.5;max_disp>0.6;min_disp<,0
98455,extreme_disp_few;avg_ampl_gt_limit>0.007;avg_disp_tail>0.2;up_strick_0;down_strick_1;trend_len_middle;trend_max_ampl>0.01;trend_kind_down;prev_t_kind_up;max_disp_change<;disp_monotone_up_false;disp_avg_change>0.3;max_disp>0.6;min_disp>0.1,0
98707,extreme_disp_few;avg_ampl_gt_limit<;avg_disp_tail>0.3;up_strick_0;down_strick_1;trend_len_long;trend_max_ampl<;trend_kind_down;prev_t_kind_up;max_disp_change<;disp_monotone_up_false;disp_avg_change>0.3;max_disp>0.6;min_disp<,0
98911,extreme_disp_few;avg_ampl_gt_limit<;avg_disp_tail>0.2;up_strick_0;down_strick_1;trend_len_middle;trend_max_ampl<;trend_kind_down;prev_t_kind_up;max_disp_change<;disp_monotone_up_false;disp_avg_change>0.3;max_disp>0.6;min_disp<,1
99816,extreme_disp_few;avg_ampl_gt_limit<;avg_disp_tail>0.3;up_strick_0;down_strick_1;trend_len_middle;trend_max_ampl<;trend_kind_down;prev_t_kind_up;max_disp_change<;disp_monotone_up_false;disp_avg_change>0.3;max_disp>0.6;min_disp<,0
100075,extreme_disp_few;avg_ampl_gt_limit>0.007;avg_disp_tail>0.3;up_strick_0;down_strick_1;trend_len_short;trend_max_ampl>0.01;trend_kind_down;prev_t_kind_up;max_disp_change<;disp_monotone_up_false;disp_avg_change>0.3;max_disp>0.6;min_disp>0.2,1
100134,extreme_disp_many;avg_ampl_gt_limit>0.007;avg_disp_tail>0.5;up_strick_0;down_strick_1;trend_len_short;trend_max_ampl>0.01;trend_kind_down;prev_t_kind_up;max_disp_change<;disp_monotone_up_false;disp_avg_change>0.3;max_disp>0.6;min_disp>0.3,0
100166,extreme_disp_few;avg_ampl_gt_limit>0.007;avg_disp_tail>0.3;up_strick_0;down_strick_1;trend_len_middle;trend_max_ampl<;trend_kind_down;prev_t_kind_up;max_disp_change<;disp_monotone_up_false;disp_avg_change>0.3;max_disp>0.6;min_disp<,1
100449,extreme_disp_moderate;avg_ampl_gt_limit>0.007;avg_disp_tail>0.3;up_strick_0;down_strick_1;trend_len_middle;trend_max_ampl>0.01;trend_kind_down;prev_t_kind_up;max_disp_change<;disp_monotone_up_false;disp_avg_change>0.3;max_disp>0.6;min_disp>0.2,1
101062,extreme_disp_few;avg_ampl_gt_limit>0.007;avg_disp_tail>0.2;up_strick_0;down_strick_1;trend_len_short;trend_max_ampl>0.01;trend_kind_down;prev_t_kind_up;max_disp_change<;disp_monotone_up_false;disp_avg_change>0.3;max_disp>0.6;min_disp<,1
101184,extreme_disp_few;avg_ampl_gt_limit<;avg_disp_tail>0.3;up_strick_0;down_strick_1;trend_len_middle;trend_max_ampl<;trend_kind_down;prev_t_kind_up;max_disp_change<;disp_monotone_up_false;disp_avg_change>0.3;max_disp>0.6;min_disp<,0
101456,extreme_disp_few;avg_ampl_gt_limit<;avg_disp_tail<;up_strick_0;down_strick_1;trend_len_middle;trend_max_ampl<;trend_kind_down;prev_t_kind_up;max_disp_change<;disp_monotone_up_false;disp_avg_change>0.3;max_disp>0.4;min_disp<,1
102708,extreme_disp_few;avg_ampl_gt_limit>0.007;avg_disp_tail<;up_strick_0;down_strick_1;trend_len_short;trend_max_ampl>0.01;trend_kind_down;prev_t_kind_up;max_disp_change>0.3;disp_monotone_up_true;disp_avg_change<;max_disp>0.6;min_disp<,1
103111,extreme_disp_many;avg_ampl_gt_limit>0.013;avg_disp_tail>0.5;up_strick_0;down_strick_1;trend_len_middle;trend_max_ampl>0.03;trend_kind_down;prev_t_kind_up;max_disp_change<;disp_monotone_up_false;disp_avg_change>0.3;max_disp>0.6;min_disp<,0
103126,extreme_disp_few;avg_ampl_gt_limit<;avg_disp_tail>0.3;up_strick_0;down_strick_1;trend_len_middle;trend_max_ampl>0.01;trend_kind_down;prev_t_kind_up;max_disp_change<;disp_monotone_up_false;disp_avg_change>0.3;max_disp>0.6;min_disp<,0
103583,extreme_disp_few;avg_ampl_gt_limit>0.007;avg_disp_tail<;up_strick_0;down_strick_1;trend_len_short;trend_max_ampl>0.01;trend_kind_down;prev_t_kind_up;max_disp_change>0.5;disp_monotone_up_false;disp_avg_change>0.5;max_disp>0.6;min_disp<,0
104765,extreme_disp_few;avg_ampl_gt_limit>0.007;avg_disp_tail<;up_strick_0;down_strick_1;trend_len_long;trend_max_ampl>0.01;trend_kind_down;prev_t_kind_up;max_disp_change>0.5;disp_monotone_up_false;disp_avg_change<;max_disp>0.6;min_disp<,0
105416,extreme_disp_few;avg_ampl_gt_limit>0.007;avg_disp_tail<;up_strick_0;down_strick_1;trend_len_middle;trend_max_ampl>0.01;trend_kind_down;prev_t_kind_up;max_disp_change>0.5;disp_monotone_up_false;disp_avg_change<;max_disp>0.6;min_disp<,1
106479,extreme_disp_few;avg_ampl_gt_limit>0.007;avg_disp_tail<;up_strick_2;down_strick_0;trend_len_long;trend_max_ampl>0.01;trend_kind_up;prev_t_kind_up;max_disp_change>0.5;disp_monotone_up_false;disp_avg_change<;max_disp>0.4;min_disp<,1
107165,extreme_disp_few;avg_ampl_gt_limit>0.007;avg_disp_tail<;down_strick_3;down_strick_0;trend_len_long;trend_max_ampl<;trend_kind_up;prev_t_kind_up;max_disp_change>0.5;disp_monotone_up_false;disp_avg_change<;max_disp>0.4;min_disp<,0
